{
    "Andaman Nicobar": {
        "type": "Union Territory",
        "districts": [
            "Nicobar",
            "North Middle Andaman",
            "South Andaman"
        ]
    },
    "Andhra Pradesh": {
        "type": "State",
        "districts": [
            "Alluri Sitarama Raju",
            "Anakapalli",
            "Anantapur",
            "Annamaya",
            "Bapatla",
            "Chittoor",
            "East Godavari",
            "Eluru",
            "Guntur",
            "Kadapa",
            "Kakinada",
            "Konaseema",
            "Krishna",
            "Kurnool",
            "Manyam",
            "N T Rama Rao",
            "Nandyal",
            "Nellore",
            "Palnadu",
            "Prakasam",
            "Sri Balaji",
            "Sri Satya Sai",
            "Srikakulam",
            "Visakhapatnam",
            "Vizianagaram",
            "West Godavari"
        ]
    },
    "Arunachal Pradesh": {
        "type": "State",
        "districts": [
            "Anjaw",
            "Bichom",
            "Central Siang",
            "Changlang",
            "Dibang Valley",
            "East Kameng",
            "East Siang",
            "Kamle",
            "Keyi Panyor",
            "Kra Daadi",
            "Kurung Kumey",
            "Lepa Rada",
            "Lohit",
            "Longding",
            "Lower Dibang Valley",
            "Lower Siang",
            "Lower Subansiri",
            "Namsai",
            "Pakke Kessang",
            "Papum Pare",
            "Shi Yomi",
            "Tawang",
            "Tirap",
            "Upper Siang",
            "Upper Subansiri",
            "West Kameng",
            "West Siang"
        ]
    },
    "Assam": {
        "type": "State",
        "districts": [
            "Bajali",
            "Baksa",
            "Barpeta",
            "Biswanath",
            "Bongaigaon",
            "Cachar",
            "Charaideo",
            "Chirang",
            "Darrang",
            "Dhemaji",
            "Dhubri",
            "Dibrugarh",
            "Dima Hasao",
            "Goalpara",
            "Golaghat",
            "Hailakandi",
            "Hojai",
            "Jorhat",
            "Kamrup",
            "Kamrup Metropolitan",
            "Karbi Anglong",
            "Karimganj",
            "Kokrajhar",
            "Lakhimpur",
            "Majuli",
            "Morigaon",
            "Nagaon",
            "Nalbari",
            "Sivasagar",
            "Sonitpur",
            "South Salmara-Mankachar",
            "Tamulpur",
            "Tinsukia",
            "Udalguri",
            "West Karbi Anglong"
        ]
    },
    "Bihar": {
        "type": "State",
        "districts": [
            "Araria",
            "Arwal",
            "Aurangabad",
            "Banka",
            "Begusarai",
            "Bhagalpur",
            "Bhojpur",
            "Buxar",
            "Darbhanga",
            "East Champaran",
            "Gaya",
            "Gopalganj",
            "Jamui",
            "Jehanabad",
            "Kaimur",
            "Katihar",
            "Khagaria",
            "Kishanganj",
            "Lakhisarai",
            "Madhepura",
            "Madhubani",
            "Munger",
            "Muzaffarpur",
            "Nalanda",
            "Nawada",
            "Patna",
            "Purnia",
            "Rohtas",
            "Saharsa",
            "Samastipur",
            "Saran",
            "Sheikhpura",
            "Sheohar",
            "Sitamarhi",
            "Siwan",
            "Supaul",
            "Vaishali",
            "West Champaran"
        ]
    },
    "Chandigarh": {
        "type": "Union Territory",
        "districts": [
            "Chandigarh"
        ]
    },
    "Chhattisgarh": {
        "type": "State",
        "districts": [
            "Balod",
            "Baloda Bazar",
            "Balrampur",
            "Bastar",
            "Bemetara",
            "Bijapur",
            "Bilaspur",
            "Dantewada",
            "Dhamtari",
            "Durg",
            "Gariaband",
            "Gaurela Pendra Marwahi",
            "Janjgir Champa",
            "Jashpur",
            "Kabirdham",
            "Kanker",
            "Khairagarh",
            "Kondagaon",
            "Korba",
            "Koriya",
            "Mahasamund",
            "Manendragarh",
            "Mohla Manpur",
            "Mungeli",
            "Narayanpur",
            "Raigarh",
            "Raipur",
            "Rajnandgaon",
            "Sakti",
            "Sarangarh Bilaigarh",
            "Sukma",
            "Surajpur",
            "Surguja"
        ]
    },
    "Dadra and Nagar Haveli and Daman and Diu": {
        "type": "Union Territory",
        "districts": [
            "Dadra and Nagar Haveli",
            "Daman",
            "Diu"
        ]
    },
    "Delhi": {
        "type": "Union Territory",
        "districts": [
            "Central Delhi",
            "East Delhi",
            "New Delhi",
            "North Delhi",
            "North East Delhi",
            "North West Delhi",
            "Shahdara",
            "South Delhi",
            "South East Delhi",
            "South West Delhi",
            "West Delhi"
        ]
    },
    "Goa": {
        "type": "State",
        "districts": [
            "North Goa",
            "South Goa"
        ]
    },
    "Gujarat": {
        "type": "State",
        "districts": [
            "Ahmedabad",
            "Amreli",
            "Anand",
            "Aravalli",
            "Banaskantha",
            "Bharuch",
            "Bhavnagar",
            "Botad",
            "Chhota Udaipur",
            "Dahod",
            "Dang",
            "Devbhoomi Dwarka",
            "Gandhinagar",
            "Gir Somnath",
            "Jamnagar",
            "Junagadh",
            "Kheda",
            "Kutch",
            "Mahisagar",
            "Mehsana",
            "Morbi",
            "Narmada",
            "Navsari",
            "Panchmahal",
            "Patan",
            "Porbandar",
            "Rajkot",
            "Sabarkantha",
            "Surat",
            "Surendranagar",
            "Tapi",
            "Vadodara",
            "Valsad"
        ]
    },
    "Haryana": {
        "type": "State",
        "districts": [
            "Ambala",
            "Bhiwani",
            "Charkhi Dadri",
            "Faridabad",
            "Fatehabad",
            "Gurugram",
            "Hisar",
            "Jhajjar",
            "Jind",
            "Kaithal",
            "Karnal",
            "Kurukshetra",
            "Mahendragarh",
            "Mewat",
            "Palwal",
            "Panchkula",
            "Panipat",
            "Rewari",
            "Rohtak",
            "Sirsa",
            "Sonipat",
            "Yamunanagar"
        ]
    },
    "Himachal Pradesh": {
        "type": "State",
        "districts": [
            "Bilaspur",
            "Chamba",
            "Hamirpur",
            "Kangra",
            "Kinnaur",
            "Kullu",
            "Lahaul Spiti",
            "Mandi",
            "Shimla",
            "Sirmaur",
            "Solan",
            "Una"
        ]
    },
    "Jammu Kashmir": {
        "type": "Union Territory",
        "districts": [
            "Anantnag",
            "Bandipora",
            "Baramulla",
            "Budgam",
            "Doda",
            "Ganderbal",
            "Jammu",
            "Kathua",
            "Kishtwar",
            "Kulgam",
            "Kupwara",
            "Poonch",
            "Pulwama",
            "Rajouri",
            "Ramban",
            "Reasi",
            "Samba",
            "Shopian",
            "Srinagar",
            "Udhampur"
        ]
    },
    "Jharkhand": {
        "type": "State",
        "districts": [
            "Bokaro",
            "Chatra",
            "Deoghar",
            "Dhanbad",
            "Dumka",
            "East Singhbhum",
            "Garhwa",
            "Giridih",
            "Godda",
            "Gumla",
            "Hazaribagh",
            "Jamtara",
            "Khunti",
            "Koderma",
            "Latehar",
            "Lohardaga",
            "Pakur",
            "Palamu",
            "Ramgarh",
            "Ranchi",
            "Sahebganj",
            "Seraikela Kharsawan",
            "Simdega",
            "West Singhbhum"
        ]
    },
    "Karnataka": {
        "type": "State",
        "districts": [
            "Bagalkot",
            "Bangalore Rural",
            "Bangalore Urban",
            "Belgaum",
            "Bellary",
            "Bidar",
            "Chamarajanagar",
            "Chikkaballapur",
            "Chikkamagaluru",
            "Chitradurga",
            "Dakshina Kannada",
            "Davanagere",
            "Dharwad",
            "Gadag",
            "Gulbarga",
            "Hassan",
            "Haveri",
            "Kodagu",
            "Kolar",
            "Koppal",
            "Mandya",
            "Mysore",
            "Raichur",
            "Ramanagara",
            "Shimoga",
            "Tumkur",
            "Udupi",
            "Uttara Kannada",
            "Vijayanagara",
            "Vijayapura",
            "Yadgir"
        ]
    },
    "Kerala": {
        "type": "State",
        "districts": [
            "Alappuzha",
            "Ernakulam",
            "Idukki",
            "Kannur",
            "Kasaragod",
            "Kollam",
            "Kottayam",
            "Kozhikode",
            "Malappuram",
            "Palakkad",
            "Pathanamthitta",
            "Thiruvananthapuram",
            "Thrissur",
            "Wayanad"
        ]
    },
    "Ladakh": {
        "type": "Union Territory",
        "districts": [
            "Kargil",
            "Leh"
        ]
    },
    "Lakshadweep": {
        "type": "Union Territory",
        "districts": [
            "Lakshadweep"
        ]
    },
    "Madhya Pradesh": {
        "type": "State",
        "districts": [
            "Agar Malwa",
            "Alirajpur",
            "Anuppur",
            "Ashoknagar",
            "Balaghat",
            "Barwani",
            "Betul",
            "Bhind",
            "Bhopal",
            "Burhanpur",
            "Chachaura",
            "Chhatarpur",
            "Chhindwara",
            "Damoh",
            "Datia",
            "Dewas",
            "Dhar",
            "Dindori",
            "Guna",
            "Gwalior",
            "Harda",
            "Hoshangabad",
            "Indore",
            "Jabalpur",
            "Jhabua",
            "Katni",
            "Khandwa",
            "Khargone",
            "Maihar",
            "Mandla",
            "Mandsaur",
            "Morena",
            "Nagda",
            "Narsinghpur",
            "Neemuch",
            "Niwari",
            "Pandhurna",
            "Panna",
            "Raisen",
            "Rajgarh",
            "Ratlam",
            "Rewa",
            "Sagar",
            "Satna",
            "Sehore",
            "Seoni",
            "Shahdol",
            "Shajapur",
            "Sheopur",
            "Shivpuri",
            "Sidhi",
            "Singrauli",
            "Tikamgarh",
            "Ujjain",
            "Umaria",
            "Vidisha"
        ]
    },
    "Maharashtra": {
        "type": "State",
        "districts": [
            "Ahmednagar",
            "Akola",
            "Amravati",
            "Aurangabad",
            "Beed",
            "Bhandara",
            "Buldhana",
            "Chandrapur",
            "Dhule",
            "Gadchiroli",
            "Gondia",
            "Hingoli",
            "Jalgaon",
            "Jalna",
            "Kolhapur",
            "Latur",
            "Mumbai City",
            "Mumbai Suburban",
            "Nagpur",
            "Nanded",
            "Nandurbar",
            "Nashik",
            "Osmanabad",
            "Palghar",
            "Parbhani",
            "Pune",
            "Raigad",
            "Ratnagiri",
            "Sangli",
            "Satara",
            "Sindhudurg",
            "Solapur",
            "Thane",
            "Wardha",
            "Washim",
            "Yavatmal"
        ]
    },
    "Manipur": {
        "type": "State",
        "districts": [
            "Bishnupur",
            "Chandel",
            "Churachandpur",
            "Imphal East",
            "Imphal West",
            "Jiribam",
            "Kakching",
            "Kamjong",
            "Kangpokpi",
            "Noney",
            "Pherzawl",
            "Senapati",
            "Tamenglong",
            "Tengnoupal",
            "Thoubal",
            "Ukhrul"
        ]
    },
    "Meghalaya": {
        "type": "State",
        "districts": [
            "East Garo Hills",
            "East Jaintia Hills",
            "East Khasi Hills",
            "Mairang",
            "North Garo Hills",
            "Ri Bhoi",
            "South Garo Hills",
            "South West Garo Hills",
            "South West Khasi Hills",
            "West Garo Hills",
            "West Jaintia Hills",
            "West Khasi Hills"
        ]
    },
    "Mizoram": {
        "type": "State",
        "districts": [
            "Aizawl",
            "Champhai",
            "Hnahthial",
            "Khawzawl",
            "Kolasib",
            "Lawngtlai",
            "Lunglei",
            "Mamit",
            "Saiha",
            "Saitual",
            "Serchhip"
        ]
    },
    "Nagaland": {
        "type": "State",
        "districts": [
            "Chumukedima",
            "Dimapur",
            "Kiphire",
            "Kohima",
            "Longleng",
            "Mokokchung",
            "Mon",
            "Niuland",
            "Noklak",
            "Peren",
            "Phek",
            "Shamator",
            "Tseminyu",
            "Tuensang",
            "Wokha",
            "Zunheboto"
        ]
    },
    "Odisha": {
        "type": "State",
        "districts": [
            "Angul",
            "Balangir",
            "Balasore",
            "Bargarh",
            "Bhadrak",
            "Boudh",
            "Cuttack",
            "Debagarh",
            "Dhenkanal",
            "Gajapati",
            "Ganjam",
            "Jagatsinghpur",
            "Jajpur",
            "Jharsuguda",
            "Kalahandi",
            "Kandhamal",
            "Kendrapara",
            "Kendujhar",
            "Khordha",
            "Koraput",
            "Malkangiri",
            "Mayurbhanj",
            "Nabarangpur",
            "Nayagarh",
            "Nuapada",
            "Puri",
            "Rayagada",
            "Sambalpur",
            "Subarnapur",
            "Sundergarh"
        ]
    },
    "Puducherry": {
        "type": "Union Territory",
        "districts": [
            "Karaikal",
            "Mahe",
            "Puducherry",
            "Yanam"
        ]
    },
    "Punjab": {
        "type": "State",
        "districts": [
            "Amritsar",
            "Barnala",
            "Bathinda",
            "Faridkot",
            "Fatehgarh Sahib",
            "Fazilka",
            "Firozpur",
            "Gurdaspur",
            "Hoshiarpur",
            "Jalandhar",
            "Kapurthala",
            "Ludhiana",
            "Malerkotla",
            "Mansa",
            "Moga",
            "Mohali",
            "Muktsar",
            "Pathankot",
            "Patiala",
            "Rupnagar",
            "Sangrur",
            "Shaheed Bhagat Singh Nagar",
            "Tarn Taran"
        ]
    },
    "Rajasthan": {
        "type": "State",
        "districts": [
            "Ajmer",
            "Alwar",
            "Anupgarh",
            "Balotra",
            "Banswara",
            "Baran",
            "Barmer",
            "Beawar",
            "Bharatpur",
            "Bhilwara",
            "Bikaner",
            "Bundi",
            "Chittorgarh",
            "Churu",
            "Dausa",
            "Deeg",
            "Dholpur",
            "Didwana-Kuchaman",
            "Dudu",
            "Dungarpur",
            "Gangapur City",
            "Hanumangarh",
            "Jaipur",
            "Jaipur Rural",
            "Jaisalmer",
            "Jalore",
            "Jhalawar",
            "Jhunjhunu",
            "Jodhpur",
            "Jodhpur Rural",
            "Karauli",
            "Kekri",
            "Khairthal–Tijara",
            "Kota",
            "Kotputli-Behror",
            "Nagaur",
            "Neem ka Thana",
            "Pali",
            "Phalodi",
            "Pratapgarh",
            "Rajsamand",
            "Salumbar",
            "Sanchore",
            "Sawai Madhopur",
            "Shahpura",
            "Sikar",
            "Sirohi",
            "Sri Ganganagar",
            "Tonk",
            "Udaipur"
        ]
    },
    "Sikkim": {
        "type": "State",
        "districts": [
            "East Sikkim",
            "North Sikkim",
            "Pakyong",
            "Soreng",
            "South Sikkim",
            "West Sikkim"
        ]
    },
    "Tamil Nadu": {
        "type": "State",
        "districts": [
            "Ariyalur",
            "Chengalpattu",
            "Chennai",
            "Coimbatore",
            "Cuddalore",
            "Dharmapuri",
            "Dindigul",
            "Erode",
            "Kallakurichi",
            "Kanchipuram",
            "Kanyakumari",
            "Karur",
            "Krishnagiri",
            "Madurai",
            "Mayiladuthurai",
            "Nagapattinam",
            "Namakkal",
            "Nilgiris",
            "Perambalur",
            "Pudukkottai",
            "Ramanathapuram",
            "Ranipet",
            "Salem",
            "Sivaganga",
            "Tenkasi",
            "Thanjavur",
            "Theni",
            "Thoothukudi",
            "Tiruchirappalli",
            "Tirunelveli",
            "Tirupattur",
            "Tiruppur",
            "Tiruvallur",
            "Tiruvannamalai",
            "Tiruvarur",
            "Vellore",
            "Viluppuram",
            "Virudhunagar"
        ]
    },
    "Telangana": {
        "type": "State",
        "districts": [
            "Adilabad",
            "Bhadradri Kothagudem",
            "Hanamkonda",
            "Hyderabad",
            "Jagtial",
            "Jangaon",
            "Jayashankar",
            "Jogulamba",
            "Kamareddy",
            "Karimnagar",
            "Khammam",
            "Komaram Bheem",
            "Mahabubabad",
            "Mahbubnagar",
            "Mancherial",
            "Medak",
            "Medchal",
            "Mulugu",
            "Nagarkurnool",
            "Nalgonda",
            "Narayanpet",
            "Nirmal",
            "Nizamabad",
            "Peddapalli",
            "Rajanna Sircilla",
            "Ranga Reddy",
            "Sangareddy",
            "Siddipet",
            "Suryapet",
            "Vikarabad",
            "Wanaparthy",
            "Warangal",
            "Yadadri Bhuvanagiri"
        ]
    },
    "Tripura": {
        "type": "State",
        "districts": [
            "Dhalai",
            "Gomati",
            "Khowai",
            "North Tripura",
            "Sepahijala",
            "South Tripura",
            "Unakoti",
            "West Tripura"
        ]
    },
    "Uttar Pradesh": {
        "type": "State",
        "districts": [
            "Agra",
            "Aligarh",
            "Ambedkar Nagar",
            "Amethi",
            "Amroha",
            "Auraiya",
            "Ayodhya",
            "Azamgarh",
            "Baghpat",
            "Bahraich",
            "Ballia",
            "Balrampur",
            "Banda",
            "Barabanki",
            "Bareilly",
            "Basti",
            "Bhadohi",
            "Bijnor",
            "Budaun",
            "Bulandshahr",
            "Chandauli",
            "Chitrakoot",
            "Deoria",
            "Etah",
            "Etawah",
            "Farrukhabad",
            "Fatehpur",
            "Firozabad",
            "Gautam Buddha Nagar",
            "Ghaziabad",
            "Ghazipur",
            "Gonda",
            "Gorakhpur",
            "Hamirpur",
            "Hapur",
            "Hardoi",
            "Hathras",
            "Jalaun",
            "Jaunpur",
            "Jhansi",
            "Kannauj",
            "Kanpur Dehat",
            "Kanpur Nagar",
            "Kasganj",
            "Kaushambi",
            "Kheri",
            "Kushinagar",
            "Lalitpur",
            "Lucknow",
            "Maharajganj",
            "Mahoba",
            "Mainpuri",
            "Mathura",
            "Mau",
            "Meerut",
            "Mirzapur",
            "Moradabad",
            "Muzaffarnagar",
            "Pilibhit",
            "Pratapgarh",
            "Prayagraj",
            "Raebareli",
            "Rampur",
            "Saharanpur",
            "Sambhal",
            "Sant Kabir Nagar",
            "Shahjahanpur",
            "Shamli",
            "Shravasti",
            "Siddharthnagar",
            "Sitapur",
            "Sonbhadra",
            "Sultanpur",
            "Unnao",
            "Varanasi"
        ]
    },
    "Uttarakhand": {
        "type": "State",
        "districts": [
            "Almora",
            "Bageshwar",
            "Chamoli",
            "Champawat",
            "Dehradun",
            "Haridwar",
            "Nainital",
            "Pauri",
            "Pithoragarh",
            "Rudraprayag",
            "Tehri",
            "Udham Singh Nagar",
            "Uttarkashi"
        ]
    },
    "West Bengal": {
        "type": "State",
        "districts": [
            "Alipurduar",
            "Bankura",
            "Birbhum",
            "Cooch Behar",
            "Dakshin Dinajpur",
            "Darjeeling",
            "Hooghly",
            "Howrah",
            "Jalpaiguri",
            "Jhargram",
            "Kalimpong",
            "Kolkata",
            "Malda",
            "Murshidabad",
            "Nadia",
            "North 24 Parganas",
            "Paschim Bardhaman",
            "Paschim Medinipur",
            "Purba Bardhaman",
            "Purba Medinipur",
            "Purulia",
            "South 24 Parganas",
            "Uttar Dinajpur"
        ]
    }
}